{
  "id": "cddc33ec-062e-4779-8057-75cd691c8abb",
  "mlbAmId": 642715,
  "type": 1,
  "firstName": "Willy",
  "lastName": "Adames",
  "age": 28,
  "status": 0,
  "averageDraftPick": 178.65,
  "averageDraftPickMin": 84,
  "averageDraftPickMax": 250,
  "reliability": 0,
  "mayberryMethod": 0,
  "league1": 2,
  "league2": 1,
  "battingStats": [
    {
      "statsType": 1,
      "atBats": 60,
      "runs": 11,
      "hits": 19,
      "doubles": 4,
      "triples": 0,
      "homeRuns": 3,
      "runsBattedIn": 10,
      "baseOnBalls": 7,
      "strikeOuts": 12,
      "stolenBases": 1,
      "caughtStealing": 1,
      "totalBases": 32,
      "battingAverage": 0.31666666666666665,
      "onBasePercentage": 0.3880597014925373,
      "sluggingPercentage": 0.5333333333333333,
      "onBasePlusSlugging": 0.9213930348258706,
      "contractRate": 0.8,
      "power": 140,
      "walkRate": 0.1044776119402985,
      "speed": 72,
      "basePerformanceValue": 76.49552238805971
    },
    {
      "statsType": 2,
      "atBats": 484,
      "runs": 68,
      "hits": 118,
      "doubles": 27,
      "triples": 1,
      "homeRuns": 23,
      "runsBattedIn": 72,
      "baseOnBalls": 53,
      "strikeOuts": 146,
      "stolenBases": 5,
      "caughtStealing": 2,
      "totalBases": 216,
      "battingAverage": 0.24380165289256198,
      "onBasePercentage": 0.31843575418994413,
      "sluggingPercentage": 0.4462809917355372,
      "onBasePlusSlugging": 0.7647167459254813,
      "contractRate": 0.6983471074380165,
      "power": 129,
      "walkRate": 0.09869646182495345,
      "speed": 70,
      "basePerformanceValue": 25.278135340197306
    },
    {
      "statsType": 3,
      "atBats": 544,
      "runs": 79,
      "hits": 137,
      "doubles": 31,
      "triples": 1,
      "homeRuns": 26,
      "runsBattedIn": 82,
      "baseOnBalls": 60,
      "strikeOuts": 158,
      "stolenBases": 6,
      "caughtStealing": 3,
      "totalBases": 248,
      "battingAverage": 0.25183823529411764,
      "onBasePercentage": 0.326158940397351,
      "sluggingPercentage": 0.45588235294117646,
      "onBasePlusSlugging": 0.7820412933385275,
      "contractRate": 0.7095588235294118,
      "power": 130.21323529411765,
      "walkRate": 0.09933774834437085,
      "speed": 70.22058823529412,
      "basePerformanceValue": 30.927843786521247
    }
  ],
  "pitchingStats": [
    {
      "statsType": 1,
      "wins": 0,
      "losses": 0,
      "qualityStarts": 0,
      "saves": 0,
      "blownSaves": 0,
      "holds": 0,
      "inningsPitched": 0,
      "hitsAllowed": 0,
      "earnedRuns": 0,
      "homeRunsAllowed": 0,
      "baseOnBallsAllowed": 0,
      "strikeOuts": 0,
      "flyBallRate": 0,
      "groundBallRate": 0,
      "earnedRunAverage": 0,
      "walksAndHitsPerInningPitched": 0,
      "battingAverageOnBallsInPlay": 0,
      "strandRate": 0,
      "command": 0,
      "dominance": 0,
      "control": 0,
      "groundBallToFlyBallRate": 0,
      "basePerformanceValue": 0
    },
    {
      "statsType": 2,
      "wins": 0,
      "losses": 0,
      "qualityStarts": 0,
      "saves": 0,
      "blownSaves": 0,
      "holds": 0,
      "inningsPitched": 0,
      "hitsAllowed": 0,
      "earnedRuns": 0,
      "homeRunsAllowed": 0,
      "baseOnBallsAllowed": 0,
      "strikeOuts": 0,
      "flyBallRate": 0,
      "groundBallRate": 0,
      "earnedRunAverage": 0,
      "walksAndHitsPerInningPitched": 0,
      "battingAverageOnBallsInPlay": 0,
      "strandRate": 0,
      "command": 0,
      "dominance": 0,
      "control": 0,
      "groundBallToFlyBallRate": 0,
      "basePerformanceValue": 0
    },
    {
      "statsType": 3,
      "wins": 0,
      "losses": 0,
      "qualityStarts": 0,
      "saves": 0,
      "blownSaves": 0,
      "holds": 0,
      "inningsPitched": 0,
      "hitsAllowed": 0,
      "earnedRuns": 0,
      "homeRunsAllowed": 0,
      "baseOnBallsAllowed": 0,
      "strikeOuts": 0,
      "flyBallRate": 0,
      "groundBallRate": 0,
      "earnedRunAverage": 0,
      "walksAndHitsPerInningPitched": 0,
      "battingAverageOnBallsInPlay": 0,
      "strandRate": 0,
      "command": 0,
      "dominance": 0,
      "control": 0,
      "groundBallToFlyBallRate": 0,
      "basePerformanceValue": 0
    }
  ],
  "team": { "code": "MIL", "alternativeCode": null, "leagueId": "NL", "city": "Milwaukee", "nickname": "Brewers" },
  "positions": [
    {
      "code": "SS",
      "fullName": "Shortstop",
      "playerType": 1,
      "sortOrder": 4,
      "additionalPositions": [
        { "code": "MIF", "fullName": "Middle Infielder", "playerType": 1, "sortOrder": 6, "additionalPositions": [] },
        { "code": "IF", "fullName": "Infielder", "playerType": 1, "sortOrder": 7, "additionalPositions": [] },
        { "code": "UTIL", "fullName": "Utility", "playerType": 1, "sortOrder": 13, "additionalPositions": [] }
      ]
    }
  ]
}
